{"cameraMode":{"drawMode":0,"name":"Shaded","section":"Shading Mode"},"sceneLighting":false,"audioPlay":false,"sceneViewState":{"m_AlwaysRefresh":false,"showFog":true,"showSkybox":false,"showFlares":true,"showImageEffects":true,"showParticleSystems":true,"showVisualEffectGraphs":true,"m_FxEnabled":true},"in2DMode":false,"pivot":{"x":1.4700250625610352,"y":0.6813945174217224,"z":-0.4106188714504242},"rotation":{"x":-0.06917395442724228,"y":0.6065232157707214,"z":-0.05309087783098221,"w":-0.7902736663818359},"size":0.5453249216079712,"orthographic":false}