{"cameraMode":{"drawMode":0,"name":"Shaded","section":"Shading Mode"},"sceneLighting":true,"audioPlay":false,"sceneViewState":{"m_AlwaysRefresh":false,"showFog":true,"showSkybox":true,"showFlares":true,"showImageEffects":true,"showParticleSystems":true,"showVisualEffectGraphs":true,"m_FxEnabled":true},"in2DMode":false,"pivot":{"x":-0.7470378875732422,"y":-0.9581661224365234,"z":4.925008773803711},"rotation":{"x":-0.32355326414108279,"y":-0.31993061304092409,"z":0.11723562330007553,"w":-0.8827880024909973},"size":22.919809341430665,"orthographic":false}