{"cameraMode":{"drawMode":0,"name":"Shaded","section":"Shading Mode"},"sceneLighting":true,"audioPlay":false,"sceneViewState":{"m_AlwaysRefresh":false,"showFog":true,"showSkybox":true,"showFlares":true,"showImageEffects":true,"showParticleSystems":true,"showVisualEffectGraphs":true,"m_FxEnabled":true},"in2DMode":false,"pivot":{"x":-6.810887813568115,"y":3.9825425148010256,"z":0.7064478397369385},"rotation":{"x":0.0032499877270311119,"y":0.18934527039527894,"z":-0.0006241456721909344,"w":0.9819188714027405},"size":0.7614845633506775,"orthographic":false}